<?xml version="1.0" encoding="UTF-8"?>
<project-private xmlns="http://www.netbeans.org/ns/project-private/1">
    <editor-bookmarks xmlns="http://www.netbeans.org/ns/editor-bookmarks/2" lastBookmarkId="0"/>
    <open-files xmlns="http://www.netbeans.org/ns/projectui-open-files/2">
        <group>
            <file>file:/Users/refiahmadfauzan/NetBeansProjects/TugasLK7/src/aplikasi_dekstop/FormNilai.java</file>
            <file>file:/Users/refiahmadfauzan/NetBeansProjects/TugasLK7/src/aplikasi_dekstop/Login.java</file>
            <file>file:/Users/refiahmadfauzan/NetBeansProjects/TugasLK7/src/aplikasi_dekstop/LihatNilai.java</file>
            <file>file:/Users/refiahmadfauzan/NetBeansProjects/TugasLK7/src/aplikasi_dekstop/LoadingScreen.java</file>
            <file>file:/Users/refiahmadfauzan/NetBeansProjects/TugasLK7/src/aplikasi_dekstop/DaftarUser.java</file>
            <file>file:/Users/refiahmadfauzan/NetBeansProjects/TugasLK7/src/aplikasi_dekstop/Menu.java</file>
            <file>file:/Users/refiahmadfauzan/NetBeansProjects/TugasLK7/src/aplikasi_dekstop/DaftarSiswa.java</file>
            <file>file:/Users/refiahmadfauzan/NetBeansProjects/TugasLK7/src/aplikasi_dekstop/FormJurusan.java</file>
            <file>file:/Users/refiahmadfauzan/NetBeansProjects/TugasLK7/src/aplikasi_dekstop/DaftarMapel.java</file>
            <file>file:/Users/refiahmadfauzan/NetBeansProjects/TugasLK7/src/aplikasi_dekstop/TugasLK7.java</file>
            <file>file:/Users/refiahmadfauzan/NetBeansProjects/TugasLK7/src/aplikasi_dekstop/DaftarKelas.java</file>
        </group>
    </open-files>
</project-private>
